SET search_path TO lbaw2352;

SET timezone = 'Europe/Lisbon';

INSERT INTO Utilizador (id, nome, email, password) VALUES
  (1,'Dominic Walter','et.eros@yahoo.couk','XRC92KGT3PX'),
  (2,'Scott Mckenzie','nonummy.ultricies.ornare@icloud.org','HEE09TED7XV'),
  (3,'Janna Santiago','proin.vel.nisl@yahoo.net','JLY18UFO0RY'),
  (4,'Nathan Horne','dolor.nulla@icloud.couk','JFX71BSD7SC'),
  (5,'Tiger Boyle','dignissim@hotmail.net','SDU69QXM4TH'),
  (6,'James Gutierrez','dolor.quisque@hotmail.ca','GEV73ERP4BN'),
  (7,'Miranda Holmes','curae.phasellus@protonmail.org','CQX21FNX0MB'),
  (8,'Vincent Chambers','pede.nonummy@hotmail.edu','EVH63ZKS0DY'),
  (9,'Inez Barrera','nibh.aliquam@outlook.ca','EJY18RGV2MU'),
  (10,'Jordan Chandler','enim.nunc@icloud.edu','CKN22QHB2VH'),
  (11,'Octavia Hickman','enim.diam@protonmail.couk','FNQ14POC4VY'),
  (12,'Neil Petersen','metus.aliquam@hotmail.net','VCC55JKP7GF'),
  (13,'Kyla Tanner','tempor.lorem.eget@outlook.org','OME47XIN8YG'),
  (14,'Leilani Sargent','amet.ornare.lectus@aol.org','OUQ44TKA3PO'),
  (15,'Prescott Mayer','donec.dignissim@icloud.couk','DWF44MCK4DM'),
  (16,'Dean Lawson','ut@aol.com','XJC01OKK3IO'),
  (17,'John Holmes','nec.eleifend@protonmail.org','SPQ25VQX5BT'),
  (18,'Colorado Lamb','sed.nec@yahoo.edu','UQY34WSJ5XT'),
  (19,'Ralph Lambert','commodo.hendrerit@outlook.edu','JSA88KNH7BS'),
  (20,'Brenna Cline','a.felis.ullamcorper@yahoo.org','RTF10SNH7CL');

INSERT INTO Compra (id, timestamp, total, descricao, id_utilizador) VALUES
  (1, '2023-01-15 09:23:54', 99.99, 'Lorem ipsum dolor sit amet, consectetur adipiscing elit', 1),
  (2, '2023-01-30 10:47:06', 49.95, 'Sed do eiusmod tempor incididunt ut labore et dolore magna aliqua', 2),
  (3, '2023-02-05 03:56:15', 199.99, 'Ut enim ad minim veniam, quis nostrud exercitation ullamco laboris', 3),
  (4, '2023-02-09 07:53:18', 79.99, 'Nisi ut aliquip ex ea commodo consequat', 4),
  (5, '2023-02-12 18:24:22', 129.99, 'Duis aute irure dolor in reprehenderit in voluptate velit esse cillum', 5),
  (6, '2023-02-15 01:15:26', 59.99, 'Excepteur sint occaecat cupidatat non proident, sunt in culpa', 6),
  (7, '2023-02-19 16:05:57', 89.99, 'Qui officia deserunt mollit anim id est laborum', 7),
  (8, '2023-02-26 00:59:05', 39.99, 'Consectetur adipiscing elit, sed do eiusmod tempor incididunt', 8),
  (9, '2023-03-02 11:32:11', 69.99, 'Ut labore et dolore magna aliqua. Ut enim ad', 9),
  (10, '2023-03-06 03:39:05', 119.99, 'Minim veniam, quis nostrud exercitation ullamco laboris nisi', 10),
  (11, '2023-03-11 18:03:47', 69.99, 'Ut aliquip ex ea commodo consequat. Duis aute', 11),
  (12, '2023-03-14 01:18:38', 179.99, 'Excepteur sint occaecat cupidatat non proident, sunt in', 12),
  (13, '2023-03-19 19:56:04', 49.99, 'Culpa qui officia deserunt mollit anim id est', 13),
  (14, '2023-03-21 06:48:31', 99.99, 'Eiusmod tempor incididunt ut labore et dolore magna', 14),
  (15, '2023-03-25 00:23:36', 69.99, 'Aliqua. Ut enim ad minim veniam, quis', 15),
  (16, '2023-03-30 21:47:10', 149.99, 'Nostrud exercitation ullamco laboris nisi ut aliquip', 16),
  (17, '2023-04-02 04:35:50', 79.99, 'Ex ea commodo consequat. Duis aute irure', 17),
  (18, '2023-04-05 02:46:03', 119.99, 'Dolor in reprehenderit in voluptate velit esse', 18),
  (19, '2023-04-09 16:23:37', 49.99, 'Cillum dolore eu fugiat nulla pariatur. Excepteur', 19),
  (20, '2023-04-12 22:38:22', 139.99, 'Sint occaecat cupidatat non proident, sunt in', 20),
  (21, '2023-04-17 07:50:19', 79.99, 'Culpa qui officia deserunt mollit anim id est', 1),
  (22, '2023-04-22 18:02:54', 89.99, 'Eiusmod tempor incididunt ut labore et dolore magna', 2),
  (23, '2023-04-27 15:12:08', 69.99, 'Aliqua. Ut enim ad minim veniam, quis', 3),
  (24, '2023-05-01 11:37:33', 129.99, 'Nostrud exercitation ullamco laboris nisi ut aliquip', 4),
  (25, '2023-05-04 10:10:43', 149.99, 'Ex ea commodo consequat. Duis aute irure', 5),
  (26, '2023-05-07 13:42:41', 79.99, 'Dolor in reprehenderit in voluptate velit esse', 6),
  (27, '2023-05-11 12:31:20', 109.99, 'Cillum dolore eu fugiat nulla pariatur. Excepteur', 7),
  (28, '2023-05-13 14:51:36', 159.99, 'Sint occaecat cupidatat non proident, sunt in', 8),
  (29, '2023-05-17 08:07:42', 59.99, 'Culpa qui officia deserunt mollit anim id est', 9),
  (30, '2023-05-22 23:40:01', 89.99, 'Eiusmod tempor incididunt ut labore et dolore', 10),
  (31, '2023-05-26 02:07:23', 119.99, 'Aliqua. Ut enim ad minim veniam, quis', 11),
  (32, '2023-05-30 04:33:45', 99.99, 'Nostrud exercitation ullamco laboris nisi ut aliquip', 12),
  (33, '2023-06-03 08:41:16', 129.99, 'Ex ea commodo consequat. Duis aute irure', 13),
  (34, '2023-06-06 13:21:39', 119.99, 'Dolor in reprehenderit in voluptate velit esse', 14),
  (35, '2023-06-08 01:19:59', 69.99, 'Cillum dolore eu fugiat nulla pariatur. Excepteur', 15),
  (36, '2023-06-12 16:54:29', 119.99, 'Sint occaecat cupidatat non proident, sunt in', 16),
  (37, '2023-06-18 12:20:29', 139.99, 'Culpa qui officia deserunt mollit anim id est', 17),
  (38, '2023-06-20 08:45:31', 129.99, 'Eiusmod tempor incididunt ut labore et dolore', 18),
  (39, '2023-06-22 21:01:00', 99.99, 'Aliqua. Ut enim ad minim veniam, quis', 19),
  (40, '2023-06-28 19:30:58', 99.99, 'Nostrud exercitation ullamco laboris nisi ut aliquip', 20),
  (41, '2023-07-03 00:01:29', 69.99, 'Ex ea commodo consequat. Duis aute irure', 1),
  (42, '2023-07-07 06:29:30', 139.99, 'Dolor in reprehenderit in voluptate velit esse', 2),
  (43, '2023-07-10 21:34:42', 199.99, 'Cillum dolore eu fugiat nulla pariatur. Excepteur', 3),
  (44, '2023-07-12 22:28:47', 49.99, 'Sint occaecat cupidatat non proident, sunt in', 4),
  (45, '2023-07-16 14:58:19', 109.99, 'Culpa qui officia deserunt mollit anim id est', 5),
  (46, '2023-07-18 03:08:13', 69.99, 'Eiusmod tempor incididunt ut labore et dolore magna', 6),
  (47, '2023-07-23 03:45:12', 119.99, 'Aliqua. Ut enim ad minim veniam, quis', 7),
  (48, '2023-07-28 12:43:49', 59.99, 'Nostrud exercitation ullamco laboris nisi ut aliquip', 8),
  (49, '2023-07-29 10:14:57', 99.99, 'Ex ea commodo consequat. Duis aute irure', 9),
  (50, '2023-08-03 21:50:14', 89.99, 'Dolor in reprehenderit in voluptate velit esse', 10),
  (51, '2023-08-04 19:40:28', 69.99, 'Cillum dolore eu fugiat nulla pariatur. Excepteur', 11),
  (52, '2023-08-07 14:49:59', 49.99, 'Sint occaecat cupidatat non proident, sunt in', 12),
  (53, '2023-08-10 14:09:52', 69.99, 'Culpa qui officia deserunt mollit anim id est', 13),
  (54, '2023-08-14 14:49:17', 99.99, 'Eiusmod tempor incididunt ut labore et dolore', 14),
  (55, '2023-08-17 17:59:53', 149.99, 'Aliqua. Ut enim ad minim veniam, quis', 15),
  (56, '2023-08-20 05:28:06', 139.99, 'Nostrud exercitation ullamco laboris nisi ut aliquip', 16),
  (57, '2023-08-21 13:13:02', 89.99, 'Ex ea commodo consequat. Duis aute irure', 17),
  (58, '2023-08-24 14:32:04', 79.99, 'Dolor in reprehenderit in voluptate velit esse', 18),
  (59, '2023-08-28 20:45:15', 99.99, 'Cillum dolore eu fugiat nulla pariatur. Excepteur', 19),
  (60, '2023-08-30 23:55:30', 119.99, 'Sint occaecat cupidatat non proident, sunt in', 20),
  (61, '2023-09-03 12:38:59', 49.99, 'Culpa qui officia deserunt mollit anim id', 1),
  (62, '2023-09-09 06:06:43', 79.99, 'Eiusmod tempor incididunt ut labore et dolore', 2),
  (63, '2023-09-15 22:46:11', 119.99, 'Aliqua. Ut enim ad minim veniam, quis', 3),
  (64, '2023-09-18 07:49:59', 129.99, 'Nostrud exercitation ullamco laboris nisi ut aliquip', 4),
  (65, '2023-09-25 05:33:56', 129.99, 'Culpa qui officia deserunt mollit anim id', 5),
  (66, '2023-09-28 13:20:42', 149.99, 'Eiusmod tempor incididunt ut labore et dolore', 6),
  (67, '2023-10-02 23:54:20', 99.99, 'Aliqua. Ut enim ad minim veniam, quis', 7),
  (68, '2023-10-08 07:03:17', 179.99, 'Nostrud exercitation ullamco laboris nisi ut aliquip', 8),
  (69, '2023-10-10 16:47:16', 79.99, 'Ex ea commodo consequat. Duis aute irure', 9),
  (70, '2023-10-14 15:03:32', 99.99, 'Dolor in reprehenderit in voluptate velit esse', 10),
  (71, '2023-10-15 23:07:55', 199.99, 'Cillum dolore eu fugiat nulla pariatur. Excepteur', 11),
  (72, '2023-10-18 10:24:37', 149.99, 'Sint occaecat cupidatat non proident, sunt in', 12),
  (73, '2023-10-22 16:16:52', 139.99, 'Culpa qui officia deserunt mollit anim id est', 13),
  (74, '2023-10-23 08:45:34', 119.99, 'Eiusmod tempor incididunt ut labore et dolore magna', 14),
  (75, '2023-10-16 11:58:07', 89.99, 'Aliqua. Ut enim ad minim veniam, quis', 15),
  (76, '2023-10-17 01:34:20', 109.99, 'Nostrud exercitation ullamco laboris nisi ut aliquip', 16),
  (77, '2023-10-18 19:16:45', 129.99, 'Ex ea commodo consequat. Duis aute irure', 17),
  (78, '2023-10-19 06:59:55', 69.99, 'Dolor in reprehenderit in voluptate velit esse', 18),
  (79, '2023-10-20 08:24:33', 79.99, 'Cillum dolore eu fugiat nulla pariatur. Excepteur', 19),
  (80, '2023-10-21 10:43:51', 99.99, 'Sint occaecat cupidatat non proident, sunt in', 20),
  (81, '2023-10-22 05:05:33', 179.99, 'Culpa qui officia deserunt mollit anim id est', 1),
  (82, '2023-10-23 00:05:28', 69.99, 'Eiusmod tempor incididunt ut labore et dolore magna', 2),
  (83, '2023-10-23 00:39:35', 79.99, 'Aliqua. Ut enim ad minim veniam, quis', 3),
  (84, '2023-10-23 01:17:05', 59.99, 'Nostrud exercitation ullamco laboris nisi ut aliquip', 4),
  (85, '2023-10-23 02:01:32', 139.99, 'Ex ea commodo consequat. Duis aute irure', 5),
  (86, '2023-10-23 03:55:27', 49.99, 'Dolor in reprehenderit in voluptate velit esse', 6),
  (87, '2023-10-23 04:12:29', 89.99, 'Cillum dolore eu fugiat nulla pariatur. Excepteur', 7),
  (88, '2023-10-23 05:26:37', 79.99, 'Sint occaecat cupidatat non proident, sunt in', 8),
  (89, '2023-10-23 06:25:36', 119.99, 'Culpa qui officia deserunt mollit anim id est', 9),
  (90, '2023-10-23 07:20:39', 29.99, 'Eiusmod tempor incididunt ut labore et dolore magna', 10),
  (91, '2023-10-23 08:46:01', 179.99, 'Aliqua. Ut enim ad minim veniam, quis', 11),
  (92, '2023-10-23 09:40:25', 69.99, 'Nostrud exercitation ullamco laboris nisi ut aliquip', 12),
  (93, '2023-10-23 10:33:23', 109.99, 'Ex ea commodo consequat. Duis aute irure', 13),
  (94, '2023-10-23 11:47:45', 59.99, 'Dolor in reprehenderit in voluptate velit esse', 14),
  (95, '2023-10-23 12:54:04', 149.99, 'Cillum dolore eu fugiat nulla pariatur. Excepteur', 15),
  (96, '2023-10-23 13:58:29', 79.99, 'Sint occaecat cupidatat non proident, sunt in', 16),
  (97, '2023-10-23 14:10:09', 139.99, 'Culpa qui officia deserunt mollit anim id est', 17),
  (98, '2023-10-23 15:30:15', 99.99, 'Eiusmod tempor incididunt ut labore et dolore magna', 18),
  (99, '2023-10-23 16:15:02', 119.99, 'Aliqua. Ut enim ad minim veniam, quis', 19),
  (100, '2023-10-23 17:25:44', 69.99, 'Nostrud exercitation ullamco laboris nisi ut aliquip', 20);

INSERT INTO Transporte (id, tipo, precoAtual) VALUES
  (1, 'Grátis', 0),
  (2, 'Levantamento em Ponto Pick-up', 2.5),
  (3, 'Entrega ao domicílio', 5);

INSERT INTO Devolucao (id, timestamp, estado, id_compra) VALUES
  (1, '2023-08-15 08:15:30', 'Pendente', 27),
  (2, '2023-08-20 15:42:12', 'Aprovado', 56),
  (3, '2023-08-25 14:30:59', 'Rejeitado', 89),
  (4, '2023-09-05 11:20:47', 'Pendente', 7),
  (5, '2023-09-10 20:05:34', 'Aprovado', 42),
  (6, '2023-09-15 05:38:29', 'Rejeitado', 13),
  (7, '2023-09-20 09:51:01', 'Pendente', 61),
  (8, '2023-09-25 14:17:55', 'Aprovado', 75),
  (9, '2023-09-30 23:42:03', 'Rejeitado', 93),
  (10, '2023-10-05 16:29:14', 'Pendente', 34);

INSERT INTO Reembolso (id, timestamp, estado, id_compra) VALUES
  (1, '2023-08-15 08:15:30', 'Pendente', 27),
  (2, '2023-08-20 15:42:12', 'Aprovado', 56),
  (3, '2023-08-25 14:30:59', 'Rejeitado', 89),
  (4, '2023-09-05 11:20:47', 'Pendente', 7),
  (5, '2023-09-10 20:05:34', 'Aprovado', 42),
  (6, '2023-09-15 05:38:29', 'Rejeitado', 13),
  (7, '2023-09-20 09:51:01', 'Pendente', 61),
  (8, '2023-09-25 14:17:55', 'Aprovado', 75),
  (9, '2023-09-30 23:42:03', 'Rejeitado', 93),
  (10, '2023-10-05 16:29:14', 'Pendente', 34);

INSERT INTO Notificacao (id, timestamp, texto, id_utilizador)
VALUES
  (1, '2023-08-15 08:15:30', 'Lorem ipsum dolor sit amet, consectetur adipiscing elit', 5),
  (2, '2023-08-20 15:42:12', 'Sed do eiusmod tempor incididunt ut labore et dolore magna aliqua', 12),
  (3, '2023-08-25 14:30:59', 'Ut enim ad minim veniam, quis nostrud exercitation ullamco laboris', 7),
  (4, '2023-09-05 11:20:47', 'Duis aute irure dolor in reprehenderit in voluptate velit esse cillum', 18),
  (5, '2023-09-10 20:05:34', 'Excepteur sint occaecat cupidatat non proident, sunt in culpa', 15),
  (6, '2023-09-15 05:38:29', 'Qui officia deserunt mollit anim id est laborum', 4),
  (7, '2023-09-20 09:51:01', 'Consectetur adipiscing elit, sed do eiusmod tempor incididunt', 9),
  (8, '2023-09-25 14:17:55', 'Ut labore et dolore magna aliqua. Ut enim ad', 10),
  (9, '2023-09-30 23:42:03', 'Minim veniam, quis nostrud exercitation ullamco laboris nisi', 16),
  (10, '2023-10-05 16:29:14', 'Ut aliquip ex ea commodo consequat. Duis aute', 19);


-- FALTA EMAIL E PASS ADMINISTRADOR!!!!

INSERT INTO Administrador (id, nome) VALUES
  (1, 'Guilherme Couto'),
  (2, 'Filipa Antunes'),
  (3, 'Sofia Pereira'),
  (4, 'Gustavo Faria'),
  (5, 'Pedro Martins');

INSERT INTO Produto (id, nome, descricao, precoAtual, desconto, stock, id_administrador) VALUES
  (1, 'Pimenta Malagueta', 'Lorem ipsum dolor sit amet, consectetur adipiscing elit.', 3.99, 5, 100, 1),
  (2, 'Molho de Piri-Piri', 'Sed do eiusmod tempor incididunt ut labore et dolore magna aliqua.', 4.50, 3, 75, 2),
  (3, 'Canela em Pau', 'Ut enim ad minim veniam, quis nostrud exercitation ullamco laboris.', 6.25, 0, 250, 3),
  (4, 'Paprica Doce', 'Duis aute irure dolor in reprehenderit in voluptate velit esse cillum.', 8.75, 2, 150, 4),
  (5, 'Molho de Tomate Picante', 'Excepteur sint occaecat cupidatat non proident, sunt in culpa.', 3.25, 4, 200, 5),
  (6, 'Noz-Moscada Moída', 'Qui officia deserunt mollit anim id est laborum.', 7.80, 1, 50, 1),
  (7, 'Molho de Mostarda', 'Consectetur adipiscing elit, sed do eiusmod tempor incididunt.', 5.75, 7, 100, 2),
  (8, 'Alho em Pó', 'Ut labore et dolore magna aliqua. Ut enim ad minim veniam.', 6.50, 0, 300, 3),
  (9, 'Salsa Seca', 'Minim veniam, quis nostrud exercitation ullamco laboris nisi ut aliquip.', 2.50, 9, 20, 4),
  (10, 'Molho de Soja Picante', 'Ut aliquip ex ea commodo consequat. Duis aute.', 4.99, 6, 350, 5),
  (11, 'Orégãos Secos', 'Lorem ipsum dolor sit amet, consectetur adipiscing elit.', 3.99, 5, 100, 1),
  (12, 'Molho de Piri-Piri', 'Sed do eiusmod tempor incididunt ut labore et dolore magna aliqua.', 4.50, 3, 75, 2),
  (13, 'Canela em Pau', 'Ut enim ad minim veniam, quis nostrud exercitation ullamco laboris.', 6.25, 0, 250, 3),
  (14, 'Paprica Doce', 'Duis aute irure dolor in reprehenderit in voluptate velit esse cillum.', 8.75, 2, 150, 4),
  (15, 'Molho de Tomate Picante', 'Excepteur sint occaecat cupidatat non proident, sunt in culpa.', 3.25, 4, 200, 5),
  (16, 'Noz-Moscada Moída', 'Qui officia deserunt mollit anim id est laborum.', 7.80, 1, 50, 1),
  (17, 'Molho de Mostarda', 'Consectetur adipiscing elit, sed do eiusmod tempor incididunt.', 5.75, 7, 100, 2),
  (18, 'Alho em Pó', 'Ut labore et dolore magna aliqua. Ut enim ad minim veniam.', 6.50, 0, 300, 3),
  (19, 'Salsa Seca', 'Minim veniam, quis nostrud exercitation ullamco laboris nisi ut aliquip.', 2.50, 9, 20, 4),
  (20, 'Molho de Soja Picante', 'Ut aliquip ex ea commodo consequat. Duis aute.', 4.99, 6, 350, 5),
  (21, 'Orégãos Secos', 'Lorem ipsum dolor sit amet, consectetur adipiscing elit.', 3.99, 5, 100, 1),
  (22, 'Molho de Piri-Piri', 'Sed do eiusmod tempor incididunt ut labore et dolore magna aliqua.', 4.50, 3, 75, 2),
  (23, 'Canela em Pau', 'Ut enim ad minim veniam, quis nostrud exercitation ullamco laboris.', 6.25, 0, 250, 3),
  (24, 'Paprica Doce', 'Duis aute irure dolor in reprehenderit in voluptate velit esse cillum.', 8.75, 2, 150, 4),
  (25, 'Molho de Tomate Picante', 'Excepteur sint occaecat cupidatat non proident, sunt in culpa.', 3.25, 4, 200, 5),
  (26, 'Noz-Moscada Moída', 'Qui officia deserunt mollit anim id est laborum.', 7.80, 1, 50, 1),
  (27, 'Molho de Mostarda', 'Consectetur adipiscing elit, sed do eiusmod tempor incididunt.', 5.75, 7, 100, 2),
  (28, 'Alho em Pó', 'Ut labore et dolore magna aliqua. Ut enim ad minim veniam.', 6.50, 0, 300, 3),
  (29, 'Salsa Seca', 'Minim veniam, quis nostrud exercitation ullamco laboris nisi ut aliquip.', 2.50, 9, 20, 4),
  (30, 'Molho de Soja Picante', 'Ut aliquip ex ea commodo consequat. Duis aute.', 4.99, 6, 350, 5),
  (31, 'Orégãos Secos', 'Lorem ipsum dolor sit amet, consectetur adipiscing elit.', 3.99, 5, 100, 1),
  (32, 'Molho de Piri-Piri', 'Sed do eiusmod tempor incididunt ut labore et dolore magna.', 4.50, 3, 75, 2),
  (33, 'Canela em Pau', 'Ut enim ad minim veniam, quis nostrud exercitation ullamco laboris.', 6.25, 0, 250, 3),
  (34, 'Paprica Doce', 'Duis aute irure dolor in reprehenderit in voluptate velit esse cillum.', 8.75, 2, 150, 4),
  (35, 'Molho de Tomate Picante', 'Excepteur sint occaecat cupidatat non proident, sunt in culpa.', 3.25, 4, 200, 5),
  (36, 'Noz-Moscada Moída', 'Qui officia deserunt mollit anim id est laborum.', 7.80, 1, 50, 1),
  (37, 'Molho de Mostarda', 'Consectetur adipiscing elit, sed do eiusmod tempor incididunt.', 5.75, 7, 100, 2),
  (38, 'Alho em Pó', 'Ut labore et dolore magna aliqua. Ut enim ad minim veniam.', 6.50, 0, 300, 3),
  (39, 'Salsa Seca', 'Minim veniam, quis nostrud exercitation ullamco laboris nisi ut aliquip.', 2.50, 9, 20, 4),
  (40, 'Molho de Soja Picante', 'Ut aliquip ex ea commodo consequat. Duis aute.', 4.99, 6, 350, 5),
  (41, 'Orégãos Secos', 'Lorem ipsum dolor sit amet, consectetur adipiscing elit.', 3.99, 5, 100, 1),
  (42, 'Molho de Piri-Piri', 'Sed do eiusmod tempor incididunt ut labore et dolore magna.', 4.50, 3, 75, 2),
  (43, 'Canela em Pau', 'Ut enim ad minim veniam, quis nostrud exercitation ullamco laboris.', 6.25, 0, 250, 3),
  (44, 'Paprica Doce', 'Duis aute irure dolor in reprehenderit in voluptate velit esse cillum.', 8.75, 2, 150, 4),
  (45, 'Molho de Tomate Picante', 'Excepteur sint occaecat cupidatat non proident, sunt in culpa.', 3.25, 4, 200, 5),
  (46, 'Noz-Moscada Moída', 'Qui officia deserunt mollit anim id est laborum.', 7.80, 1, 50, 1),
  (47, 'Molho de Mostarda', 'Consectetur adipiscing elit, sed do eiusmod tempor incididunt.', 5.75, 7, 100, 2),
  (48, 'Alho em Pó', 'Ut labore et dolore magna aliqua. Ut enim ad minim veniam.', 6.50, 0, 300, 3),
  (49, 'Salsa Seca', 'Minim veniam, quis nostrud exercitation ullamco laboris nisi ut aliquip.', 2.50, 9, 20, 4),
  (50, 'Molho de Soja Picante', 'Ut aliquip ex ea commodo consequat. Duis aute.', 4.99, 6, 350, 5);

INSERT INTO Comentario (id, timestamp, texto, avaliacao, id_utilizador, id_produto) VALUES
  (1, '2023-08-15 08:15:30', 'Lorem ipsum dolor sit amet, consectetur adipiscing elit.', 4, 20, 8),
  (2, '2023-08-16 10:20:45', 'Sed do eiusmod tempor incididunt ut labore et dolore magna aliqua.', 3, 10, 15),
  (3, '2023-08-17 12:35:15', 'Ut enim ad minim veniam, quis nostrud exercitation ullamco laboris.', 5, 8, 32),
  (4, '2023-08-18 14:45:59', 'Duis aute irure dolor in reprehenderit in voluptate velit esse cillum.', 2, 12, 21),
  (5, '2023-08-19 16:55:37', 'Excepteur sint occaecat cupidatat non proident, sunt in culpa.', 1, 11, 5);

INSERT INTO Notificacao_Compra (id, id_compra) VALUES
  (1, 1),
  (2, 2),
  (3, 3),
  (4, 4),
  (5, 5),
  (6, 6),
  (7, 7),
  (8, 8),
  (9, 9),
  (10, 10),
  (11, 11),
  (12, 12),
  (13, 13),
  (14, 14),
  (15, 15),
  (16, 16),
  (17, 17),
  (18, 18),
  (19, 19),
  (20, 20),
  (21, 21),
  (22, 22),
  (23, 23),
  (24, 24),
  (25, 25),
  (26, 26),
  (27, 27),
  (28, 28),
  (29, 29),
  (30, 30),
  (31, 31),
  (32, 32),
  (33, 33),
  (34, 34),
  (35, 35),
  (36, 36),
  (37, 37),
  (38, 38),
  (39, 39),
  (40, 40),
  (41, 41),
  (42, 42),
  (43, 43),
  (44, 44),
  (45, 45),
  (46, 46),
  (47, 47),
  (48, 48),
  (49, 49),
  (50, 50),
  (51, 51),
  (52, 52),
  (53, 53),
  (54, 54),
  (55, 55),
  (56, 56),
  (57, 57),
  (58, 58),
  (59, 59),
  (60, 60),
  (61, 61),
  (62, 62),
  (63, 63),
  (64, 64),
  (65, 65),
  (66, 66),
  (67, 67),
  (68, 68),
  (69, 69),
  (70, 70),
  (71, 71),
  (72, 72),
  (73, 73),
  (74, 74),
  (75, 75),
  (76, 76),
  (77, 77),
  (78, 78),
  (79, 79),
  (80, 80),
  (81, 81),
  (82, 82),
  (83, 83),
  (84, 84),
  (85, 85),
  (86, 86),
  (87, 87),
  (88, 88),
  (89, 89),
  (90, 90),
  (91, 91),
  (92, 92),
  (93, 93),
  (94, 94),
  (95, 95),
  (96, 96),
  (97, 97),
  (98, 98),
  (99, 99),
  (100, 100);
